Row,alexacy,gfpcy,tmrcy
x,1.22959882590166,1.62177181694183,1.1971982233275
y,0.184044457995228,-0.134611079473586,-0.170678179976164
